date,GISS,HAD,NOAA,RSS,UAH
188001,-0.41,-0.007,-0.0361,null,null
188002,-0.27,-0.25,-0.1819,null,null
188003,-0.25,-0.176,-0.1947,null,null
188004,-0.31,-0.151,-0.0886,null,null
188005,-0.31,-0.245,-0.1114,null,null
188006,-0.39,-0.336,-0.1533,null,null
188007,-0.25,-0.295,-0.1538,null,null
188008,-0.15,-0.153,-0.0967,null,null
188009,-0.3,-0.251,-0.1004,null,null
188010,-0.27,-0.413,-0.1969,null,null
188011,-0.21,-0.479,-0.2458,null,null
188012,-0.25,-0.337,-0.0879,null,null
188101,-0.21,-0.399,-0.0463,null,null
188102,-0.27,-0.262,-0.0134,null,null
188103,-0.02,-0.26,0.0763,null,null
188104,-0.06,-0.186,0.0713,null,null
188105,-0.1,-0.043,0.075,null,null
188106,-0.32,-0.248,-0.101,null,null
188107,-0.13,-0.126,-0.0151,null,null
188108,-0.12,-0.15,-0.0336,null,null
188109,-0.27,-0.304,-0.1554,null,null
188110,-0.3,-0.324,-0.2347,null,null
188111,-0.38,-0.435,-0.2896,null,null
188112,-0.29,-0.186,-0.054,null,null
188201,-0.11,0.052,0.0434,null,null
188202,-0.03,-0.059,-0.0411,null,null
188203,-0.1,-0.055,-0.0179,null,null
188204,-0.31,-0.291,-0.1787,null,null
188205,-0.26,-0.393,-0.1226,null,null
188206,-0.34,-0.353,-0.1838,null,null
188207,-0.29,-0.247,-0.1871,null,null
188208,-0.15,-0.28,-0.092,null,null
188209,-0.25,-0.137,-0.0888,null,null
188210,-0.37,-0.345,-0.167,null,null
188211,-0.36,-0.358,-0.1171,null,null
188212,-0.55,-0.503,-0.2027,null,null
188301,-0.45,-0.452,-0.2623,null,null
188302,-0.4,-0.337,-0.2587,null,null
188303,-0.17,-0.295,-0.1257,null,null
188304,-0.22,-0.359,-0.2034,null,null
188305,-0.26,-0.311,-0.1176,null,null
188306,-0.13,-0.077,0.0065,null,null
188307,-0.1,-0.195,-0.068,null,null
188308,-0.24,-0.196,-0.1117,null,null
188309,-0.34,-0.321,-0.1497,null,null
188310,-0.34,-0.395,-0.2014,null,null
188311,-0.34,-0.319,-0.2248,null,null
188312,-0.28,-0.326,-0.0893,null,null
188401,-0.26,-0.347,-0.1752,null,null
188402,-0.19,-0.25,-0.1669,null,null
188403,-0.37,-0.384,-0.2399,null,null
188404,-0.4,-0.496,-0.2659,null,null
188405,-0.38,-0.35,-0.1851,null,null
188406,-0.36,-0.381,-0.2331,null,null
188407,-0.28,-0.381,-0.2975,null,null
188408,-0.2,-0.373,-0.2467,null,null
188409,-0.32,-0.3,-0.2834,null,null
188410,-0.33,-0.3,-0.1993,null,null
188411,-0.36,-0.594,-0.3014,null,null
188412,-0.35,-0.456,-0.1933,null,null
188501,-0.61,-0.542,-0.4037,null,null
188502,-0.35,-0.504,-0.2531,null,null
188503,-0.24,-0.426,-0.1532,null,null
188504,-0.42,-0.455,-0.2238,null,null
188505,-0.35,-0.445,-0.2496,null,null
188506,-0.42,-0.491,-0.3202,null,null
188507,-0.29,-0.304,-0.2273,null,null
188508,-0.26,-0.354,-0.2035,null,null
188509,-0.25,-0.247,-0.1686,null,null
188510,-0.27,-0.281,-0.1238,null,null
188511,-0.24,-0.203,-0.0307,null,null
188512,-0.09,-0.095,0.0848,null,null
188601,-0.39,-0.373,-0.1172,null,null
188602,-0.45,-0.478,-0.3142,null,null
188603,-0.34,-0.384,-0.2159,null,null
188604,-0.21,-0.17,-0.099,null,null
188605,-0.22,-0.063,-0.0866,null,null
188606,-0.33,-0.262,-0.1632,null,null
188607,-0.08,-0.183,-0.1021,null,null
188608,-0.21,-0.179,-0.1157,null,null
188609,-0.21,-0.247,-0.139,null,null
188610,-0.35,-0.296,-0.2065,null,null
188611,-0.34,-0.396,-0.2281,null,null
188612,-0.32,-0.266,-0.0829,null,null
188701,-0.65,-0.421,-0.3855,null,null
188702,-0.54,-0.504,-0.3657,null,null
188703,-0.36,-0.359,-0.1686,null,null
188704,-0.42,-0.395,-0.1912,null,null
188705,-0.3,-0.286,-0.1502,null,null
188706,-0.22,-0.398,-0.2083,null,null
188707,-0.09,-0.232,-0.204,null,null
188708,-0.27,-0.367,-0.2696,null,null
188709,-0.26,-0.301,-0.2268,null,null
188710,-0.41,-0.499,-0.306,null,null
188711,-0.35,-0.437,-0.1737,null,null
188712,-0.4,-0.439,-0.1835,null,null
188801,-0.43,-0.654,-0.4118,null,null
188802,-0.48,-0.514,-0.321,null,null
188803,-0.46,-0.583,-0.2652,null,null
188804,-0.35,-0.244,-0.107,null,null
188805,-0.28,-0.333,-0.1889,null,null
188806,-0.25,-0.262,-0.135,null,null
188807,-0.19,-0.346,-0.0947,null,null
188808,-0.23,-0.29,-0.1619,null,null
188809,-0.19,-0.256,-0.0805,null,null
188810,-0.11,-0.148,-0.0015,null,null
188811,-0.05,-0.209,-0.0374,null,null
188812,-0.21,-0.2,0.0502,null,null
188901,-0.22,-0.137,-0.084,null,null
188902,0.07,-0.115,7.00E-04,null,null
188903,-0.02,-0.071,0.1161,null,null
188904,-0.04,-0.009,0.0675,null,null
188905,-0.07,-0.104,-0.0249,null,null
188906,-0.13,-0.156,-0.1013,null,null
188907,-0.17,-0.21,-0.1105,null,null
188908,-0.25,-0.255,-0.1192,null,null
188909,-0.21,-0.369,-0.2154,null,null
188910,-0.32,-0.33,-0.2451,null,null
188911,-0.37,-0.42,-0.309,null,null
188912,-0.32,-0.134,-0.1506,null,null
189001,-0.49,-0.295,-0.2515,null,null
189002,-0.42,-0.352,-0.3012,null,null
189003,-0.35,-0.434,-0.3076,null,null
189004,-0.36,-0.333,-0.2588,null,null
189005,-0.51,-0.44,-0.3929,null,null
189006,-0.39,-0.405,-0.2792,null,null
189007,-0.31,-0.442,-0.2108,null,null
189008,-0.37,-0.456,-0.3008,null,null
189009,-0.39,-0.486,-0.3182,null,null
189010,-0.25,-0.535,-0.2703,null,null
189011,-0.51,-0.594,-0.3515,null,null
189012,-0.34,-0.41,-0.2522,null,null
189101,-0.49,-0.528,-0.3485,null,null
189102,-0.53,-0.523,-0.4917,null,null
189103,-0.18,-0.411,-0.2185,null,null
189104,-0.31,-0.381,-0.2217,null,null
189105,-0.22,-0.25,-0.2041,null,null
189106,-0.23,-0.359,-0.2576,null,null
189107,-0.24,-0.39,-0.1981,null,null
189108,-0.2,-0.372,-0.2019,null,null
189109,-0.18,-0.22,-0.1297,null,null
189110,-0.25,-0.36,-0.2771,null,null
189111,-0.38,-0.604,-0.3753,null,null
189112,-0.09,-0.174,-0.0815,null,null
189201,-0.37,-0.449,-0.2735,null,null
189202,-0.12,-0.163,-0.1316,null,null
189203,-0.34,-0.471,-0.2379,null,null
189204,-0.44,-0.515,-0.3247,null,null
189205,-0.33,-0.452,-0.2905,null,null
189206,-0.22,-0.462,-0.2957,null,null
189207,-0.3,-0.547,-0.3317,null,null
189208,-0.29,-0.464,-0.3185,null,null
189209,-0.21,-0.367,-0.1842,null,null
189210,-0.28,-0.487,-0.2157,null,null
189211,-0.43,-0.649,-0.4285,null,null
189212,-0.46,-0.818,-0.4407,null,null
189301,-0.82,-0.972,-0.7082,null,null
189302,-0.58,-0.75,-0.6574,null,null
189303,-0.2,-0.415,-0.2145,null,null
189304,-0.36,-0.589,-0.3551,null,null
189305,-0.38,-0.607,-0.3623,null,null
189306,-0.28,-0.488,-0.254,null,null
189307,-0.1,-0.301,-0.1822,null,null
189308,-0.27,-0.33,-0.2911,null,null
189309,-0.26,-0.462,-0.2553,null,null
189310,-0.17,-0.329,-0.2111,null,null
189311,-0.19,-0.463,-0.1567,null,null
189312,-0.33,-0.368,-0.2441,null,null
189401,-0.49,-0.463,-0.4144,null,null
189402,-0.33,-0.437,-0.1981,null,null
189403,-0.24,-0.409,-0.2227,null,null
189404,-0.43,-0.431,-0.3866,null,null
189405,-0.35,-0.474,-0.3454,null,null
189406,-0.43,-0.508,-0.3383,null,null
189407,-0.19,-0.355,-0.2542,null,null
189408,-0.24,-0.382,-0.2271,null,null
189409,-0.35,-0.501,-0.2389,null,null
189410,-0.27,-0.492,-0.2344,null,null
189411,-0.37,-0.456,-0.3241,null,null
189412,-0.28,-0.427,-0.2401,null,null
189501,-0.54,-0.503,-0.4192,null,null
189502,-0.49,-0.731,-0.355,null,null
189503,-0.3,-0.564,-0.2448,null,null
189504,-0.26,-0.451,-0.15,null,null
189505,-0.29,-0.442,-0.2568,null,null
189506,-0.21,-0.361,-0.2913,null,null
189507,-0.18,-0.393,-0.2201,null,null
189508,-0.18,-0.293,-0.2135,null,null
189509,-0.11,-0.258,-0.1253,null,null
189510,-0.16,-0.386,-0.0871,null,null
189511,-0.12,-0.323,-0.1179,null,null
189512,-0.19,-0.351,-0.0815,null,null
189601,-0.23,-0.242,-0.1193,null,null
189602,-0.17,-0.235,-0.0986,null,null
189603,-0.3,-0.401,-0.2384,null,null
189604,-0.37,-0.359,-0.2776,null,null
189605,-0.14,-0.248,-0.1092,null,null
189606,-0.11,-0.145,-0.101,null,null
189607,-0.05,-0.145,-0.0534,null,null
189608,-0.08,-0.112,-0.0241,null,null
189609,-0.08,-0.144,-0.0229,null,null
189610,0.03,-0.154,-0.0059,null,null
189611,-0.13,-0.29,-0.1735,null,null
189612,-0.1,-0.071,0.0541,null,null
189701,-0.17,-0.263,-0.1444,null,null
189702,-0.16,-0.161,-0.0959,null,null
189703,-0.16,-0.311,-0.1812,null,null
189704,-0.06,-0.092,-0.018,null,null
189705,-0.02,-0.075,-0.0633,null,null
189706,-0.11,-0.189,-0.1551,null,null
189707,-0.04,-0.19,-0.0661,null,null
189708,-0.07,-0.192,-0.1045,null,null
189709,-0.12,-0.174,-0.0286,null,null
189710,-0.11,-0.303,-0.1443,null,null
189711,-0.2,-0.494,-0.2372,null,null
189712,-0.13,-0.495,-0.2768,null,null
189801,0,-0.137,-0.0164,null,null
189802,-0.24,-0.398,-0.2748,null,null
189803,-0.47,-0.738,-0.6306,null,null
189804,-0.27,-0.587,-0.3232,null,null
189805,-0.34,-0.483,-0.236,null,null
189806,-0.17,-0.332,-0.1793,null,null
189807,-0.21,-0.404,-0.2261,null,null
189808,-0.22,-0.349,-0.213,null,null
189809,-0.21,-0.347,-0.1957,null,null
189810,-0.29,-0.576,-0.3297,null,null
189811,-0.38,-0.476,-0.2804,null,null
189812,-0.27,-0.395,-0.0552,null,null
189901,-0.21,-0.233,-0.0606,null,null
189902,-0.38,-0.528,-0.2848,null,null
189903,-0.28,-0.571,-0.2575,null,null
189904,-0.16,-0.36,-0.137,null,null
189905,-0.15,-0.338,-0.1547,null,null
189906,-0.26,-0.407,-0.2611,null,null
189907,-0.1,-0.326,-0.1642,null,null
189908,-0.07,-0.188,-0.0941,null,null
189909,-0.08,-0.183,-0.0313,null,null
189910,-0.02,-0.222,-0.0518,null,null
189911,0.13,0.018,0.1426,null,null
189912,-0.27,-0.462,-0.2031,null,null
190001,-0.34,-0.252,-0.3045,null,null
190002,0.05,-0.208,-0.0828,null,null
190003,-0.02,-0.311,-0.0055,null,null
190004,-0.1,-0.269,-0.1327,null,null
190005,-0.07,-0.278,-0.107,null,null
190006,-0.06,-0.185,-0.1224,null,null
190007,-0.08,-0.214,-0.1446,null,null
190008,-0.09,-0.227,-0.098,null,null
190009,-0.05,-0.246,-0.1036,null,null
190010,0.01,-0.105,-0.0057,null,null
190011,-0.14,-0.297,-0.1816,null,null
190012,-0.07,-0.106,-0.0058,null,null
190101,-0.2,-0.206,-0.1741,null,null
190102,-0.02,-0.305,-0.0817,null,null
190103,0.02,-0.307,-0.0067,null,null
190104,-0.02,-0.25,-0.0612,null,null
190105,-0.14,-0.233,-0.1466,null,null
190106,-0.13,-0.203,-0.1167,null,null
190107,-0.14,-0.217,-0.1279,null,null
190108,-0.17,-0.239,-0.1667,null,null
190109,-0.21,-0.386,-0.2251,null,null
190110,-0.26,-0.348,-0.3378,null,null
190111,-0.22,-0.461,-0.2184,null,null
190112,-0.26,-0.478,-0.3068,null,null
190201,-0.14,-0.256,-0.0673,null,null
190202,0.05,-0.316,-0.0082,null,null
190203,-0.22,-0.424,-0.1628,null,null
190204,-0.24,-0.483,-0.2428,null,null
190205,-0.27,-0.43,-0.2522,null,null
190206,-0.27,-0.485,-0.2746,null,null
190207,-0.17,-0.429,-0.2815,null,null
190208,-0.26,-0.402,-0.2474,null,null
190209,-0.24,-0.402,-0.211,null,null
190210,-0.32,-0.499,-0.2836,null,null
190211,-0.4,-0.533,-0.3128,null,null
190212,-0.44,-0.537,-0.3317,null,null
190301,-0.25,-0.289,-0.1965,null,null
190302,0.05,-0.196,-0.0315,null,null
190303,-0.13,-0.376,-0.2404,null,null
190304,-0.36,-0.495,-0.3385,null,null
190305,-0.32,-0.504,-0.3833,null,null
190306,-0.42,-0.594,-0.4029,null,null
190307,-0.27,-0.5,-0.3781,null,null
190308,-0.38,-0.635,-0.3829,null,null
190309,-0.43,-0.576,-0.3968,null,null
190310,-0.41,-0.676,-0.4732,null,null
190311,-0.31,-0.623,-0.444,null,null
190312,-0.42,-0.659,-0.4213,null,null
190401,-0.54,-0.705,-0.5485,null,null
190402,-0.46,-0.645,-0.4263,null,null
190403,-0.33,-0.665,-0.4836,null,null
190404,-0.41,-0.58,-0.4427,null,null
190405,-0.4,-0.584,-0.3993,null,null
190406,-0.33,-0.562,-0.3951,null,null
190407,-0.33,-0.575,-0.422,null,null
190408,-0.33,-0.52,-0.3682,null,null
190409,-0.38,-0.497,-0.3971,null,null
190410,-0.3,-0.504,-0.3401,null,null
190411,-0.11,-0.4,-0.1219,null,null
190412,-0.23,-0.427,-0.1818,null,null
190501,-0.29,-0.512,-0.2541,null,null
190502,-0.53,-0.714,-0.5758,null,null
190503,-0.19,-0.498,-0.3774,null,null
190504,-0.31,-0.576,-0.3734,null,null
190505,-0.28,-0.384,-0.2408,null,null
190506,-0.24,-0.367,-0.2142,null,null
190507,-0.2,-0.325,-0.1911,null,null
190508,-0.17,-0.319,-0.19,null,null
190509,-0.16,-0.338,-0.2102,null,null
190510,-0.24,-0.394,-0.2606,null,null
190511,-0.08,-0.27,-0.0824,null,null
190512,-0.2,-0.251,-0.1113,null,null
190601,-0.26,-0.146,-0.1074,null,null
190602,-0.3,-0.271,-0.2419,null,null
190603,-0.18,-0.321,-0.1368,null,null
190604,-0.02,-0.151,-0.0612,null,null
190605,-0.2,-0.373,-0.1742,null,null
190606,-0.14,-0.34,-0.1546,null,null
190607,-0.21,-0.354,-0.2587,null,null
190608,-0.11,-0.362,-0.243,null,null
190609,-0.2,-0.39,-0.263,null,null
190610,-0.14,-0.406,-0.2667,null,null
190611,-0.36,-0.506,-0.3749,null,null
190612,-0.12,-0.341,-0.1663,null,null
190701,-0.42,-0.463,-0.3368,null,null
190702,-0.48,-0.539,-0.4196,null,null
190703,-0.26,-0.375,-0.2844,null,null
190704,-0.45,-0.54,-0.3804,null,null
190705,-0.49,-0.605,-0.4861,null,null
190706,-0.43,-0.574,-0.4044,null,null
190707,-0.37,-0.429,-0.3543,null,null
190708,-0.39,-0.501,-0.2916,null,null
190709,-0.28,-0.457,-0.3004,null,null
190710,-0.25,-0.418,-0.2914,null,null
190711,-0.43,-0.614,-0.5049,null,null
190712,-0.41,-0.569,-0.3947,null,null
190801,-0.39,-0.478,-0.3302,null,null
190802,-0.26,-0.488,-0.3515,null,null
190803,-0.46,-0.654,-0.5677,null,null
190804,-0.4,-0.572,-0.438,null,null
190805,-0.33,-0.541,-0.3488,null,null
190806,-0.25,-0.519,-0.3748,null,null
190807,-0.23,-0.544,-0.356,null,null
190808,-0.33,-0.553,-0.3942,null,null
190809,-0.21,-0.485,-0.3203,null,null
190810,-0.3,-0.631,-0.4437,null,null
190811,-0.39,-0.629,-0.4319,null,null
190812,-0.39,-0.611,-0.3472,null,null
190901,-0.58,-0.595,-0.5331,null,null
190902,-0.38,-0.6,-0.4186,null,null
190903,-0.42,-0.703,-0.4708,null,null
190904,-0.45,-0.658,-0.5559,null,null
190905,-0.42,-0.624,-0.4379,null,null
190906,-0.38,-0.55,-0.4226,null,null
190907,-0.32,-0.608,-0.3887,null,null
190908,-0.19,-0.379,-0.2697,null,null
190909,-0.22,-0.382,-0.3017,null,null
190910,-0.21,-0.511,-0.3685,null,null
190911,-0.18,-0.475,-0.2418,null,null
190912,-0.4,-0.691,-0.4278,null,null
191001,-0.31,-0.412,-0.3191,null,null
191002,-0.32,-0.596,-0.3732,null,null
191003,-0.34,-0.481,-0.4263,null,null
191004,-0.34,-0.484,-0.3706,null,null
191005,-0.34,-0.553,-0.3784,null,null
191006,-0.33,-0.56,-0.3627,null,null
191007,-0.2,-0.482,-0.3081,null,null
191008,-0.24,-0.507,-0.3338,null,null
191009,-0.29,-0.496,-0.3549,null,null
191010,-0.31,-0.553,-0.4121,null,null
191011,-0.41,-0.716,-0.4601,null,null
191012,-0.55,-0.726,-0.53,null,null
191101,-0.52,-0.589,-0.5222,null,null
191102,-0.47,-0.774,-0.5647,null,null
191103,-0.49,-0.719,-0.5888,null,null
191104,-0.48,-0.741,-0.5168,null,null
191105,-0.41,-0.64,-0.4863,null,null
191106,-0.38,-0.585,-0.4527,null,null
191107,-0.24,-0.544,-0.4416,null,null
191108,-0.28,-0.534,-0.3897,null,null
191109,-0.25,-0.524,-0.3287,null,null
191110,-0.19,-0.523,-0.2839,null,null
191111,-0.17,-0.45,-0.2292,null,null
191112,-0.17,-0.358,-0.1703,null,null
191201,-0.24,-0.4,-0.257,null,null
191202,-0.12,-0.393,-0.1291,null,null
191203,-0.32,-0.434,-0.3231,null,null
191204,-0.19,-0.388,-0.2268,null,null
191205,-0.2,-0.425,-0.2289,null,null
191206,-0.19,-0.371,-0.2598,null,null
191207,-0.39,-0.497,-0.3558,null,null
191208,-0.52,-0.594,-0.4491,null,null
191209,-0.45,-0.6,-0.517,null,null
191210,-0.52,-0.695,-0.53,null,null
191211,-0.32,-0.568,-0.4076,null,null
191212,-0.35,-0.533,-0.3921,null,null
191301,-0.37,-0.533,-0.3671,null,null
191302,-0.34,-0.569,-0.4144,null,null
191303,-0.38,-0.594,-0.4268,null,null
191304,-0.34,-0.508,-0.3291,null,null
191305,-0.38,-0.558,-0.391,null,null
191306,-0.43,-0.554,-0.3609,null,null
191307,-0.29,-0.504,-0.3178,null,null
191308,-0.24,-0.44,-0.3118,null,null
191309,-0.27,-0.476,-0.3512,null,null
191310,-0.32,-0.495,-0.3329,null,null
191311,-0.2,-0.335,-0.1428,null,null
191312,-0.03,-0.305,-0.0485,null,null
191401,-0.03,-0.134,0.0664,null,null
191402,-0.11,-0.315,-0.1417,null,null
191403,-0.22,-0.395,-0.1843,null,null
191404,-0.25,-0.433,-0.2577,null,null
191405,-0.16,-0.334,-0.154,null,null
191406,-0.17,-0.33,-0.2146,null,null
191407,-0.18,-0.39,-0.2706,null,null
191408,-0.14,-0.269,-0.2127,null,null
191409,-0.17,-0.315,-0.1678,null,null
191410,-0.01,-0.223,-0.0973,null,null
191411,-0.17,-0.228,-0.1229,null,null
191412,-0.16,-0.301,-0.1355,null,null
191501,-0.22,-0.175,-0.1559,null,null
191502,-0.08,-0.107,-0.0348,null,null
191503,-0.15,-0.258,-0.1262,null,null
191504,0,-0.116,-0.0291,null,null
191505,-0.01,-0.279,-0.0899,null,null
191506,-0.02,-0.299,-0.0878,null,null
191507,-0.01,-0.169,-0.0323,null,null
191508,-0.12,-0.141,-0.0644,null,null
191509,-0.07,-0.199,-0.1155,null,null
191510,-0.2,-0.312,-0.2131,null,null
191511,-0.09,-0.192,6.00E-04,null,null
191512,-0.19,-0.326,-0.0256,null,null
191601,-0.17,-0.287,-0.1525,null,null
191602,-0.17,-0.236,-0.1812,null,null
191603,-0.33,-0.452,-0.2832,null,null
191604,-0.27,-0.385,-0.1999,null,null
191605,-0.33,-0.42,-0.2426,null,null
191606,-0.37,-0.536,-0.3329,null,null
191607,-0.29,-0.423,-0.2508,null,null
191608,-0.22,-0.397,-0.2935,null,null
191609,-0.28,-0.388,-0.2794,null,null
191610,-0.19,-0.434,-0.2547,null,null
191611,-0.37,-0.613,-0.3635,null,null
191612,-0.65,-0.651,-0.5633,null,null
191701,-0.42,-0.705,-0.3922,null,null
191702,-0.53,-0.769,-0.4664,null,null
191703,-0.47,-0.859,-0.4253,null,null
191704,-0.4,-0.544,-0.334,null,null
191705,-0.57,-0.698,-0.4394,null,null
191706,-0.37,-0.381,-0.3291,null,null
191707,-0.18,-0.17,-0.1787,null,null
191708,-0.23,-0.251,-0.1858,null,null
191709,-0.17,-0.164,-0.1511,null,null
191710,-0.38,-0.442,-0.3237,null,null
191711,-0.31,-0.442,-0.173,null,null
191712,-0.69,-0.661,-0.5348,null,null
191801,-0.51,-0.553,-0.2277,null,null
191802,-0.45,-0.582,-0.2852,null,null
191803,-0.29,-0.479,-0.1944,null,null
191804,-0.44,-0.546,-0.3416,null,null
191805,-0.47,-0.473,-0.2705,null,null
191806,-0.34,-0.361,-0.2035,null,null
191807,-0.27,-0.379,-0.196,null,null
191808,-0.38,-0.421,-0.1923,null,null
191809,-0.22,-0.326,-0.1809,null,null
191810,-0.07,-0.177,-0.0713,null,null
191811,-0.21,-0.12,-0.1128,null,null
191812,-0.33,-0.242,-0.3284,null,null
191901,-0.16,-0.176,-0.2394,null,null
191902,-0.2,-0.102,-0.0785,null,null
191903,-0.18,-0.36,-0.2361,null,null
191904,-0.09,-0.182,-0.0832,null,null
191905,-0.17,-0.325,-0.2526,null,null
191906,-0.18,-0.288,-0.2594,null,null
191907,-0.18,-0.381,-0.2303,null,null
191908,-0.15,-0.393,-0.2273,null,null
191909,-0.12,-0.279,-0.1896,null,null
191910,-0.18,-0.368,-0.2246,null,null
191911,-0.45,-0.61,-0.3733,null,null
191912,-0.32,-0.494,-0.3065,null,null
192001,-0.12,-0.337,-0.1118,null,null
192002,-0.21,-0.538,-0.2366,null,null
192003,0,-0.182,-0.0487,null,null
192004,-0.13,-0.333,-0.1925,null,null
192005,-0.09,-0.25,-0.1444,null,null
192006,-0.18,-0.259,-0.2029,null,null
192007,-0.23,-0.354,-0.1749,null,null
192008,-0.18,-0.298,-0.204,null,null
192009,-0.19,-0.215,-0.2179,null,null
192010,-0.26,-0.298,-0.2453,null,null
192011,-0.28,-0.327,-0.2773,null,null
192012,-0.45,-0.374,-0.3926,null,null
192101,-0.05,-0.22,-0.0445,null,null
192102,-0.17,-0.28,-0.1526,null,null
192103,-0.14,-0.329,-0.1944,null,null
192104,-0.16,-0.291,-0.1516,null,null
192105,-0.2,-0.226,-0.136,null,null
192106,-0.13,-0.166,-0.1279,null,null
192107,-0.01,-0.193,-0.098,null,null
192108,-0.27,-0.336,-0.1848,null,null
192109,-0.2,-0.208,-0.1491,null,null
192110,-0.08,-0.202,-0.086,null,null
192111,-0.16,-0.394,-0.2285,null,null
192112,-0.17,-0.28,-0.1107,null,null
192201,-0.32,-0.449,-0.3062,null,null
192202,-0.37,-0.378,-0.2522,null,null
192203,-0.21,-0.372,-0.0984,null,null
192204,-0.26,-0.337,-0.1383,null,null
192205,-0.31,-0.445,-0.2482,null,null
192206,-0.25,-0.386,-0.2654,null,null
192207,-0.18,-0.325,-0.2727,null,null
192208,-0.27,-0.381,-0.2604,null,null
192209,-0.3,-0.366,-0.2525,null,null
192210,-0.26,-0.395,-0.2288,null,null
192211,-0.16,-0.374,-0.1598,null,null
192212,-0.19,-0.383,-0.1578,null,null
192301,-0.24,-0.305,-0.2044,null,null
192302,-0.28,-0.486,-0.3404,null,null
192303,-0.23,-0.459,-0.2339,null,null
192304,-0.35,-0.44,-0.3442,null,null
192305,-0.36,-0.362,-0.238,null,null
192306,-0.22,-0.297,-0.2031,null,null
192307,-0.27,-0.455,-0.2986,null,null
192308,-0.31,-0.43,-0.2661,null,null
192309,-0.27,-0.393,-0.2465,null,null
192310,-0.09,-0.37,-0.1363,null,null
192311,0.02,-0.099,0.0275,null,null
192312,-0.01,-0.07,0.0349,null,null
192401,-0.23,-0.361,-0.176,null,null
192402,-0.26,-0.244,-0.1408,null,null
192403,-0.1,-0.339,-0.0629,null,null
192404,-0.33,-0.351,-0.1971,null,null
192405,-0.22,-0.324,-0.1443,null,null
192406,-0.21,-0.313,-0.1627,null,null
192407,-0.2,-0.364,-0.1892,null,null
192408,-0.22,-0.302,-0.227,null,null
192409,-0.24,-0.383,-0.1976,null,null
192410,-0.24,-0.339,-0.2067,null,null
192411,-0.13,-0.412,-0.1613,null,null
192412,-0.3,-0.607,-0.3217,null,null
192501,-0.32,-0.487,-0.3049,null,null
192502,-0.27,-0.331,-0.291,null,null
192503,-0.18,-0.27,-0.1472,null,null
192504,-0.18,-0.314,-0.0909,null,null
192505,-0.24,-0.323,-0.1758,null,null
192506,-0.28,-0.309,-0.2005,null,null
192507,-0.2,-0.269,-0.1768,null,null
192508,-0.14,-0.181,-0.1354,null,null
192509,-0.16,-0.227,-0.0695,null,null
192510,-0.21,-0.374,-0.1271,null,null
192511,0,-0.147,0.0539,null,null
192512,0.15,-0.059,0.1678,null,null
192601,0.2,0.004,0.1581,null,null
192602,0.11,-0.128,0.1152,null,null
192603,0.22,-0.076,0.1199,null,null
192604,-0.08,-0.221,-0.0695,null,null
192605,-0.14,-0.239,-0.0875,null,null
192606,-0.16,-0.153,-0.1027,null,null
192607,-0.08,-0.317,-0.1279,null,null
192608,0.01,-0.094,-0.033,null,null
192609,-0.05,-0.153,-0.0302,null,null
192610,-0.01,-0.145,-0.0139,null,null
192611,-0.05,-0.175,-0.0134,null,null
192612,-0.21,-0.242,-0.1339,null,null
192701,-0.2,-0.285,-0.1351,null,null
192702,-0.06,-0.216,-0.1358,null,null
192703,-0.31,-0.36,-0.2148,null,null
192704,-0.24,-0.289,-0.1754,null,null
192705,-0.21,-0.279,-0.1239,null,null
192706,-0.17,-0.253,-0.1272,null,null
192707,-0.06,-0.202,-0.0802,null,null
192708,-0.16,-0.186,-0.0995,null,null
192709,-0.08,-0.172,0.0112,null,null
192710,0.03,-0.098,0.0913,null,null
192711,-0.02,-0.264,0.0189,null,null
192712,-0.3,-0.448,-0.2245,null,null
192801,0.03,-0.147,0.0311,null,null
192802,-0.03,-0.233,-0.0761,null,null
192803,-0.19,-0.409,-0.1738,null,null
192804,-0.25,-0.306,-0.1624,null,null
192805,-0.25,-0.292,-0.1069,null,null
192806,-0.28,-0.376,-0.1715,null,null
192807,-0.11,-0.195,-0.1076,null,null
192808,-0.16,-0.22,-0.1379,null,null
192809,-0.11,-0.261,-0.086,null,null
192810,-0.11,-0.194,-0.0577,null,null
192811,-0.01,-0.174,0.0123,null,null
192812,-0.08,-0.254,-0.0759,null,null
192901,-0.32,-0.452,-0.3611,null,null
192902,-0.43,-0.676,-0.4473,null,null
192903,-0.23,-0.465,-0.1757,null,null
192904,-0.3,-0.387,-0.2024,null,null
192905,-0.31,-0.414,-0.2065,null,null
192906,-0.32,-0.368,-0.2433,null,null
192907,-0.28,-0.401,-0.2469,null,null
192908,-0.24,-0.232,-0.1606,null,null
192909,-0.21,-0.309,-0.1301,null,null
192910,-0.07,-0.208,-0.0308,null,null
192911,-0.01,-0.118,-0.0091,null,null
192912,-0.41,-0.487,-0.4255,null,null
193001,-0.17,-0.376,-0.2544,null,null
193002,-0.15,-0.255,-0.097,null,null
193003,-0.04,-0.185,0.0189,null,null
193004,-0.17,-0.208,-0.1292,null,null
193005,-0.18,-0.217,-0.1426,null,null
193006,-0.15,-0.197,-0.0724,null,null
193007,-0.1,-0.176,-0.0148,null,null
193008,-0.04,-0.084,-0.016,null,null
193009,-0.08,-0.093,-0.0112,null,null
193010,-0.09,-0.093,0.0493,null,null
193011,0.17,0.028,0.2119,null,null
193012,0,-0.116,0.1074,null,null
193101,0,-0.036,0.0757,null,null
193102,-0.17,-0.186,-0.1673,null,null
193103,-0.02,-0.141,0.0686,null,null
193104,-0.14,-0.193,-0.0648,null,null
193105,-0.11,-0.214,-0.084,null,null
193106,0.04,-0.082,0.0061,null,null
193107,0.11,-0.038,0.0486,null,null
193108,0.03,-0.088,0.0679,null,null
193109,-0.08,-0.083,0.0537,null,null
193110,0.05,-0.072,0.0867,null,null
193111,-0.02,-0.193,-0.0403,null,null
193112,0.02,-0.143,-0.0056,null,null
193201,0.15,0.1,0.2244,null,null
193202,-0.14,-0.195,-0.0805,null,null
193203,-0.12,-0.244,-0.0918,null,null
193204,-0.04,-0.129,0.0458,null,null
193205,-0.11,-0.2,-0.0935,null,null
193206,-0.19,-0.204,-0.0789,null,null
193207,-0.1,-0.143,-0.0707,null,null
193208,-0.11,-0.21,-0.107,null,null
193209,0.02,-0.058,0.0351,null,null
193210,0.03,-0.137,0.0428,null,null
193211,-0.16,-0.224,-0.069,null,null
193212,-0.16,-0.216,-0.0979,null,null
193301,-0.22,-0.294,-0.1911,null,null
193302,-0.19,-0.354,-0.2276,null,null
193303,-0.18,-0.36,-0.1712,null,null
193304,-0.15,-0.265,-0.1468,null,null
193305,-0.16,-0.246,-0.1408,null,null
193306,-0.18,-0.275,-0.1511,null,null
193307,-0.07,-0.228,-0.1135,null,null
193308,-0.11,-0.205,-0.1182,null,null
193309,-0.18,-0.254,-0.147,null,null
193310,-0.15,-0.217,-0.1178,null,null
193311,-0.25,-0.326,-0.1278,null,null
193312,-0.39,-0.539,-0.2893,null,null
193401,-0.16,-0.257,-0.2077,null,null
193402,0.01,-0.232,0.0354,null,null
193403,-0.25,-0.422,-0.2178,null,null
193404,-0.24,-0.275,-0.1924,null,null
193405,-0.05,-0.136,0.0171,null,null
193406,-0.06,-0.052,0.0611,null,null
193407,-0.01,-0.071,0.0166,null,null
193408,-0.05,-0.058,0.0287,null,null
193409,-0.14,-0.102,-0.0736,null,null
193410,-0.01,-0.112,0.007,null,null
193411,0.09,-0.016,0.1098,null,null
193412,0.04,-0.177,0.0608,null,null
193501,-0.26,-0.225,-0.1684,null,null
193502,0.23,0.042,0.2526,null,null
193503,-0.04,-0.247,-0.057,null,null
193504,-0.28,-0.264,-0.1964,null,null
193505,-0.23,-0.239,-0.1262,null,null
193506,-0.15,-0.185,-0.0991,null,null
193507,-0.11,-0.137,-0.0323,null,null
193508,-0.13,-0.157,-0.049,null,null
193509,-0.14,-0.142,-0.0018,null,null
193510,0,-0.084,0.0683,null,null
193511,-0.22,-0.29,-0.1875,null,null
193512,-0.12,-0.269,-0.0892,null,null
193601,-0.21,-0.285,-0.1588,null,null
193602,-0.28,-0.336,-0.2128,null,null
193603,-0.15,-0.288,-0.1192,null,null
193604,-0.11,-0.228,-0.1232,null,null
193605,-0.1,-0.159,-0.0194,null,null
193606,-0.07,-0.165,-0.0428,null,null
193607,0.12,-0.033,0.0558,null,null
193608,0,-0.043,4.00E-04,null,null
193609,-0.02,-0.105,0.0175,null,null
193610,0.06,-0.017,0.081,null,null
193611,0.07,-0.105,0.0689,null,null
193612,0.11,-0.056,0.0766,null,null
193701,0.03,-0.175,-0.0965,null,null
193702,0.2,-0.007,0.1327,null,null
193703,-0.07,-0.251,-0.1012,null,null
193704,-0.09,-0.134,-0.0374,null,null
193705,0.02,-0.112,0.0685,null,null
193706,0.04,-0.013,0.1219,null,null
193707,0.09,0.061,0.0764,null,null
193708,0.08,0.098,0.1502,null,null
193709,0.18,0.118,0.2156,null,null
193710,0.15,0.118,0.1859,null,null
193711,0.19,-0.013,0.1332,null,null
193712,0,-0.095,0.0223,null,null
193801,0.15,0.002,0.1156,null,null
193802,0.1,0.044,0.0992,null,null
193803,0.23,0.073,0.1478,null,null
193804,0.2,0.07,0.1637,null,null
193805,0.06,-0.079,0.0609,null,null
193806,-0.03,-0.023,0.0119,null,null
193807,0.08,-0.016,0.0823,null,null
193808,0.06,0.053,0.0804,null,null
193809,0.12,0.09,0.1406,null,null
193810,0.2,0.154,0.1908,null,null
193811,0.16,0.019,0.1466,null,null
193812,-0.1,-0.278,-0.0954,null,null
193901,0.01,-0.067,0.0159,null,null
193902,-0.02,-0.063,0.0394,null,null
193903,-0.14,-0.223,-0.0803,null,null
193904,-0.07,-0.063,-0.0424,null,null
193905,-0.01,-0.004,0.0701,null,null
193906,0.01,0.105,0.0838,null,null
193907,0.05,0.103,0.0911,null,null
193908,-0.02,0.089,0.1295,null,null
193909,0,-0.007,0.0595,null,null
193910,-0.04,-0.189,0.0531,null,null
193911,0.05,-0.018,0.1278,null,null
193912,0.37,0.345,0.5038,null,null
194001,-0.17,-0.19,-0.0824,null,null
194002,0.01,-0.052,0.0982,null,null
194003,0.03,-0.095,0.0976,null,null
194004,0.11,0.049,0.1988,null,null
194005,0.04,0.035,0.109,null,null
194006,0.04,0.016,0.1266,null,null
194007,0.19,0.138,0.1513,null,null
194008,-0.03,0.054,0.0575,null,null
194009,0.07,0.15,0.1658,null,null
194010,0.02,0.017,0.1316,null,null
194011,0.06,-0.063,0.0988,null,null
194012,0.12,0.177,0.2539,null,null
194101,0.1,-0.04,0.155,null,null
194102,0.21,0.066,0.2249,null,null
194103,0.04,-0.049,0.1152,null,null
194104,0.14,0.159,0.2408,null,null
194105,0.09,-0.012,0.216,null,null
194106,0.07,0.167,0.1726,null,null
194107,0.12,0.18,0.1795,null,null
194108,0.01,0.102,0.1295,null,null
194109,-0.13,-0.085,0.0478,null,null
194110,0.2,0.271,0.2967,null,null
194111,0.11,0.117,0.1799,null,null
194112,0.21,0.055,0.1695,null,null
194201,0.21,0.215,0.2959,null,null
194202,-0.09,-0.084,0.0998,null,null
194203,-0.01,-0.052,0.17,null,null
194204,0,-0.072,0.1631,null,null
194205,0.08,0.026,0.1787,null,null
194206,0.05,0.049,0.1664,null,null
194207,0.01,-0.087,0.0545,null,null
194208,-0.02,-0.055,0.0234,null,null
194209,0.01,-0.045,0.0514,null,null
194210,0.02,-0.068,0.1093,null,null
194211,0.03,-0.11,0.1317,null,null
194212,0.05,-0.094,0.1183,null,null
194301,-0.13,-0.212,-0.0713,null,null
194302,0.12,-0.022,0.1065,null,null
194303,-0.08,-0.228,-0.0043,null,null
194304,0.08,-0.056,0.1268,null,null
194305,0.16,-0.005,0.1121,null,null
194306,0.02,-0.11,-0.0034,null,null
194307,0.15,0.006,0.1587,null,null
194308,0.05,-0.066,0.0929,null,null
194309,0.04,-0.029,0.1295,null,null
194310,0.23,0.221,0.2611,null,null
194311,0.19,0.005,0.219,null,null
194312,0.25,0.154,0.3155,null,null
194401,0.35,0.24,0.3449,null,null
194402,0.24,0.111,0.2279,null,null
194403,0.2,0.109,0.2744,null,null
194404,0.1,-0.011,0.1727,null,null
194405,0.19,0.049,0.2451,null,null
194406,0.12,0.147,0.2731,null,null
194407,0.18,0.22,0.2678,null,null
194408,0.15,0.226,0.231,null,null
194409,0.26,0.232,0.3223,null,null
194410,0.24,0.19,0.249,null,null
194411,0.16,-0.011,0.1034,null,null
194412,0.12,-0.049,0.0052,null,null
194501,0.16,-0.027,0.0397,null,null
194502,0.11,-0.075,-0.1013,null,null
194503,0.11,-0.06,0.027,null,null
194504,0.17,0.116,0.2037,null,null
194505,-0.03,-0.174,0.1066,null,null
194506,0,-0.004,0.0921,null,null
194507,0.03,-0.091,0.086,null,null
194508,0.14,0.352,0.3138,null,null
194509,0,0.111,0.2062,null,null
194510,0.08,0.092,0.1833,null,null
194511,0.06,-0.056,0.1555,null,null
194512,-0.08,-0.269,-0.0785,null,null
194601,0.13,-0.005,0.2427,null,null
194602,0.07,-0.045,0.1452,null,null
194603,-0.04,-0.233,-0.0346,null,null
194604,0.06,-0.055,0.0827,null,null
194605,-0.07,-0.266,-0.0915,null,null
194606,-0.14,-0.374,-0.1354,null,null
194607,-0.02,-0.172,-0.0602,null,null
194608,-0.19,-0.283,-0.0705,null,null
194609,-0.03,-0.125,-0.0243,null,null
194610,-0.04,-0.164,-0.0545,null,null
194611,-0.04,-0.241,-0.0347,null,null
194612,-0.26,-0.48,-0.2881,null,null
194701,-0.03,-0.242,-0.1792,null,null
194702,-0.01,-0.299,-0.1299,null,null
194703,0.14,-0.226,0.0032,null,null
194704,0.05,-0.091,0.023,null,null
194705,-0.03,-0.228,-0.0286,null,null
194706,-0.07,-0.138,0,null,null
194707,-0.02,-0.143,-0.0467,null,null
194708,-0.04,-0.189,-0.0552,null,null
194709,-0.07,-0.246,-0.086,null,null
194710,0.12,-0.114,0.068,null,null
194711,0.12,-0.14,0.002,null,null
194712,-0.1,-0.318,-0.089,null,null
194801,0.13,-0.07,0.1186,null,null
194802,-0.09,-0.281,-0.0746,null,null
194803,-0.08,-0.332,-0.1614,null,null
194804,-0.05,-0.207,-0.0641,null,null
194805,0.05,-0.078,0.057,null,null
194806,0.04,-0.085,-0.0247,null,null
194807,-0.1,-0.256,-0.0513,null,null
194808,-0.08,-0.166,-0.0525,null,null
194809,-0.09,-0.214,-0.1052,null,null
194810,0,-0.152,-0.0818,null,null
194811,-0.05,-0.261,-0.0909,null,null
194812,-0.19,-0.346,-0.0973,null,null
194901,0.14,-0.003,0.1321,null,null
194902,-0.16,-0.258,-0.1266,null,null
194903,-0.04,-0.308,-0.0926,null,null
194904,-0.11,-0.173,-0.0215,null,null
194905,-0.08,-0.186,-0.0291,null,null
194906,-0.2,-0.316,-0.1496,null,null
194907,-0.1,-0.212,-0.1121,null,null
194908,-0.05,-0.166,-0.0483,null,null
194909,-0.06,-0.199,-0.1158,null,null
194910,-0.01,-0.19,-0.0653,null,null
194911,-0.06,-0.195,-0.0728,null,null
194912,-0.1,-0.324,-0.2159,null,null
195001,-0.25,-0.486,-0.3048,null,null
195002,-0.28,-0.365,-0.2375,null,null
195003,-0.02,-0.32,-0.0919,null,null
195004,-0.18,-0.299,-0.1482,null,null
195005,-0.14,-0.228,-0.0481,null,null
195006,-0.05,-0.221,-0.07,null,null
195007,-0.09,-0.187,-0.1321,null,null
195008,-0.19,-0.237,-0.1549,null,null
195009,-0.11,-0.231,-0.0918,null,null
195010,-0.16,-0.266,-0.1485,null,null
195011,-0.29,-0.519,-0.3521,null,null
195012,-0.1,-0.364,-0.1864,null,null
195101,-0.31,-0.457,-0.2644,null,null
195102,-0.39,-0.563,-0.3851,null,null
195103,-0.17,-0.396,-0.1645,null,null
195104,-0.09,-0.227,-0.0904,null,null
195105,0.02,-0.139,0.0786,null,null
195106,-0.03,-0.061,0.0536,null,null
195107,-0.02,-0.064,0.1192,null,null
195108,0.11,0.031,0.1192,null,null
195109,0.09,-0.022,0.1476,null,null
195110,0.14,-0.03,0.1228,null,null
195111,0.03,-0.149,0.0194,null,null
195112,0.18,0.049,0.2025,null,null
195201,0.14,0.069,0.1427,null,null
195202,0.14,0.026,0.0869,null,null
195203,-0.08,-0.215,-0.0435,null,null
195204,0.06,-0.069,0.0834,null,null
195205,0,-0.088,0.0569,null,null
195206,0.04,-0.089,0.0568,null,null
195207,0.08,-0.036,0.087,null,null
195208,0.1,-0.03,0.0683,null,null
195209,0.09,0.012,0.0874,null,null
195210,-0.03,-0.09,-0.0128,null,null
195211,-0.13,-0.279,-0.1843,null,null
195212,-0.03,-0.128,-0.0103,null,null
195301,0.11,-0.043,0.1214,null,null
195302,0.18,0.031,0.1972,null,null
195303,0.16,0.019,0.1875,null,null
195304,0.19,0.06,0.2024,null,null
195305,0.08,-0.008,0.1533,null,null
195306,0.05,0.015,0.1359,null,null
195307,0.05,-0.071,0.0764,null,null
195308,0.1,-0.032,0.1035,null,null
195309,0.1,-0.04,0.089,null,null
195310,0.1,-0.044,0.0959,null,null
195311,0.02,-0.184,-0.0373,null,null
195312,0.15,-0.047,0.0912,null,null
195401,-0.17,-0.347,-0.2003,null,null
195402,-0.03,-0.182,-0.089,null,null
195403,-0.07,-0.256,-0.0995,null,null
195404,-0.09,-0.31,-0.1616,null,null
195405,-0.16,-0.343,-0.1873,null,null
195406,-0.12,-0.251,-0.0915,null,null
195407,-0.21,-0.321,-0.1223,null,null
195408,-0.17,-0.205,-0.0861,null,null
195409,-0.12,-0.198,-0.0289,null,null
195410,-0.03,-0.163,-0.0468,null,null
195411,0.13,-0.101,0.0419,null,null
195412,-0.11,-0.35,-0.1726,null,null
195501,0.19,-0.012,0.11,null,null
195502,-0.13,-0.246,-0.1049,null,null
195503,-0.28,-0.476,-0.287,null,null
195504,-0.16,-0.354,-0.2225,null,null
195505,-0.17,-0.34,-0.136,null,null
195506,-0.12,-0.27,-0.0976,null,null
195507,-0.06,-0.288,-0.0876,null,null
195508,0.11,-0.159,-0.0061,null,null
195509,-0.07,-0.206,-0.062,null,null
195510,0.01,-0.245,-0.112,null,null
195511,-0.21,-0.385,-0.2108,null,null
195512,-0.28,-0.403,-0.2591,null,null
195601,-0.15,-0.344,-0.1932,null,null
195602,-0.23,-0.428,-0.2673,null,null
195603,-0.22,-0.396,-0.1589,null,null
195604,-0.21,-0.411,-0.2508,null,null
195605,-0.22,-0.372,-0.1943,null,null
195606,-0.13,-0.317,-0.1422,null,null
195607,-0.08,-0.298,-0.1289,null,null
195608,-0.25,-0.316,-0.1833,null,null
195609,-0.14,-0.347,-0.2171,null,null
195610,-0.2,-0.293,-0.1715,null,null
195611,-0.16,-0.335,-0.1484,null,null
195612,-0.06,-0.319,-0.1479,null,null
195701,-0.06,-0.263,-0.1018,null,null
195702,0.03,-0.208,-0.1079,null,null
195703,0.02,-0.22,-0.069,null,null
195704,0.1,-0.138,-0.0169,null,null
195705,0.12,-0.02,0.1074,null,null
195706,0.16,0.009,0.1582,null,null
195707,0.01,-0.072,0.0767,null,null
195708,0.12,0.02,0.1438,null,null
195709,0.08,-0.029,0.0876,null,null
195710,0.04,-0.083,0.0171,null,null
195711,0.12,0.003,0.1337,null,null
195712,0.17,0.099,0.254,null,null
195801,0.41,0.224,0.2949,null,null
195802,0.23,0.126,0.2173,null,null
195803,0.14,-0.036,0.1062,null,null
195804,0.05,-0.038,0.1013,null,null
195805,0.07,-0.046,0.0885,null,null
195806,-0.08,-0.065,0.0471,null,null
195807,0.08,-0.038,0.0667,null,null
195808,-0.01,-0.061,0.0467,null,null
195809,-0.03,-0.116,0.0025,null,null
195810,0.05,-0.032,0.0408,null,null
195811,0.05,-0.04,0.1076,null,null
195812,0.04,-0.01,0.146,null,null
195901,0.11,0.011,0.1182,null,null
195902,0.11,-0.041,0.0706,null,null
195903,0.22,-0.022,0.1907,null,null
195904,0.15,-0.041,0.121,null,null
195905,0.1,-0.099,0.0312,null,null
195906,0.07,-0.013,0.0884,null,null
195907,0.07,-0.086,0.0818,null,null
195908,0.01,-0.043,0.0631,null,null
195909,-0.08,-0.041,0.096,null,null
195910,-0.03,-0.114,-0.0193,null,null
195911,-0.07,-0.234,-0.078,null,null
195912,0.04,-0.153,-0.0061,null,null
196001,0.01,-0.107,-0.0117,null,null
196002,0.18,0.056,0.1556,null,null
196003,-0.32,-0.381,-0.2164,null,null
196004,-0.13,-0.245,-0.0787,null,null
196005,-0.06,-0.24,-0.1002,null,null
196006,-0.03,-0.115,0.0729,null,null
196007,0,-0.11,0.0207,null,null
196008,0.06,-0.069,0.0382,null,null
196009,0.05,-0.026,0.0744,null,null
196010,0.06,-0.095,0.0342,null,null
196011,-0.09,-0.212,-0.0514,null,null
196012,0.2,0.048,0.2003,null,null
196101,0.05,-0.003,0.1087,null,null
196102,0.21,0.098,0.1796,null,null
196103,0.1,0.011,0.1872,null,null
196104,0.11,-0.003,0.1294,null,null
196105,0.22,0.032,0.1698,null,null
196106,0.12,0.054,0.1512,null,null
196107,0.01,-0.06,0.0648,null,null
196108,0.03,0.015,0.0761,null,null
196109,0.08,-0.087,0.0219,null,null
196110,0.07,-0.079,-0.017,null,null
196111,0.05,-0.094,0.0255,null,null
196112,-0.15,-0.167,-0.0186,null,null
196201,0.05,-0.027,0.1343,null,null
196202,0.18,0.079,0.1929,null,null
196203,0.12,-0.042,0.1091,null,null
196204,0.11,-0.067,0.1037,null,null
196205,-0.1,-0.107,0.0903,null,null
196206,0.07,-0.05,0.0563,null,null
196207,-0.03,0.004,0.1195,null,null
196208,-0.05,-0.024,0.0929,null,null
196209,0.02,-0.003,0.0937,null,null
196210,0.01,0.02,0.1284,null,null
196211,0.08,-0.027,0.1111,null,null
196212,0,-0.019,0.1273,null,null
196301,0.01,-0.106,0.0456,null,null
196302,0.19,0.119,0.2871,null,null
196303,-0.13,-0.148,0.0204,null,null
196304,-0.07,-0.116,0.0065,null,null
196305,-0.02,-0.053,0.0439,null,null
196306,0.06,-0.068,0.0623,null,null
196307,0.14,0.07,0.1698,null,null
196308,0.26,0.087,0.1828,null,null
196309,0.25,0.057,0.1833,null,null
196310,0.09,0.138,0.2695,null,null
196311,0.14,0.064,0.2268,null,null
196312,0.03,-0.026,0.101,null,null
196401,-0.05,-0.103,0.0534,null,null
196402,-0.08,-0.251,-0.0946,null,null
196403,-0.26,-0.347,-0.1083,null,null
196404,-0.33,-0.314,-0.1496,null,null
196405,-0.28,-0.254,-0.0638,null,null
196406,-0.02,-0.228,-0.0755,null,null
196407,-0.05,-0.235,-0.0873,null,null
196408,-0.24,-0.321,-0.1468,null,null
196409,-0.37,-0.362,-0.1816,null,null
196410,-0.3,-0.334,-0.2422,null,null
196411,-0.2,-0.346,-0.1719,null,null
196412,-0.3,-0.454,-0.2472,null,null
196501,-0.1,-0.193,-0.0528,null,null
196502,-0.18,-0.319,-0.1865,null,null
196503,-0.1,-0.302,-0.0858,null,null
196504,-0.19,-0.323,-0.1735,null,null
196505,-0.06,-0.22,-0.0617,null,null
196506,-0.11,-0.182,-0.0357,null,null
196507,-0.2,-0.243,-0.0786,null,null
196508,-0.06,-0.199,-0.0592,null,null
196509,-0.16,-0.18,-0.05,null,null
196510,-0.06,-0.097,0.0248,null,null
196511,-0.06,-0.2,-0.0814,null,null
196512,-0.05,-0.135,0.013,null,null
196601,-0.16,-0.167,-0.0288,null,null
196602,-0.01,-0.127,-0.0202,null,null
196603,0.11,-0.126,0.0312,null,null
196604,-0.11,-0.176,-0.0687,null,null
196605,-0.07,-0.219,-0.0414,null,null
196606,-0.01,-0.07,0.0534,null,null
196607,0.11,-0.048,0.0628,null,null
196608,-0.05,-0.111,0.0272,null,null
196609,0.01,-0.104,0.0357,null,null
196610,-0.15,-0.172,-0.0305,null,null
196611,0,-0.185,-0.0343,null,null
196612,-0.04,-0.272,-0.1203,null,null
196701,-0.07,-0.221,-0.0829,null,null
196702,-0.23,-0.293,-0.1248,null,null
196703,0.07,-0.161,0.0298,null,null
196704,-0.02,-0.131,0.0421,null,null
196705,0.11,-0.012,0.1324,null,null
196706,-0.06,-0.162,-0.0248,null,null
196707,0.06,-0.15,-0.0103,null,null
196708,0.01,-0.112,-0.0011,null,null
196709,0,-0.159,-0.0357,null,null
196710,0.1,-0.013,0.1485,null,null
196711,-0.02,-0.164,-0.0118,null,null
196712,-0.01,-0.216,-0.0258,null,null
196801,-0.22,-0.3,-0.171,null,null
196802,-0.14,-0.296,-0.1005,null,null
196803,0.24,-0.041,0.1881,null,null
196804,-0.05,-0.232,-0.0436,null,null
196805,-0.09,-0.259,-0.0724,null,null
196806,0,-0.133,-0.0048,null,null
196807,-0.08,-0.123,0.008,null,null
196808,-0.05,-0.1,-9.00E-04,null,null
196809,-0.14,-0.135,0.0089,null,null
196810,0.13,-0.072,0.0596,null,null
196811,-0.03,-0.085,0.0219,null,null
196812,-0.12,-0.132,-0.0279,null,null
196901,-0.07,-0.24,-0.1548,null,null
196902,-0.08,-0.162,-0.1174,null,null
196903,-0.02,-0.005,0.1427,null,null
196904,0.2,0.087,0.1871,null,null
196905,0.13,0.067,0.154,null,null
196906,0.11,-0.029,0.0707,null,null
196907,-0.04,-0.025,0.1026,null,null
196908,0,0.002,0.1005,null,null
196909,0.09,-0.019,0.0799,null,null
196910,0.14,-0.012,0.0814,null,null
196911,0.16,0.076,0.221,null,null
196912,0.3,0.129,0.2391,null,null
197001,0.1,0.029,0.1142,null,null
197002,0.23,0.108,0.2495,null,null
197003,0.09,-0.116,0.0325,null,null
197004,0.04,0.026,0.1517,null,null
197005,-0.05,-0.077,0.068,null,null
197006,-0.02,-0.073,0.0501,null,null
197007,-0.01,-0.103,0.0047,null,null
197008,-0.12,-0.124,-0.0042,null,null
197009,0.13,-0.097,0.0104,null,null
197010,0.03,-0.107,-0.0407,null,null
197011,0.04,-0.094,0.0222,null,null
197012,-0.12,-0.184,-0.0769,null,null
197101,-0.02,-0.093,0.0105,null,null
197102,-0.2,-0.302,-0.1897,null,null
197103,-0.21,-0.306,-0.1241,null,null
197104,-0.11,-0.245,-0.0971,null,null
197105,-0.12,-0.22,-0.0583,null,null
197106,-0.22,-0.247,-0.1105,null,null
197107,-0.11,-0.132,-0.0423,null,null
197108,-0.02,-0.17,-0.0453,null,null
197109,-0.02,-0.127,-0.0189,null,null
197110,-0.05,-0.161,-0.0428,null,null
197111,-0.07,-0.068,0.0641,null,null
197112,-0.11,-0.212,0.007,null,null
197201,-0.26,-0.371,-0.2344,null,null
197202,-0.2,-0.317,-0.1679,null,null
197203,-0.02,-0.141,0.013,null,null
197204,-0.01,-0.066,0.0412,null,null
197205,-0.02,-0.056,0.0425,null,null
197206,0.06,0.022,0.1091,null,null
197207,0,-0.021,0.089,null,null
197208,0.2,0.024,0.0898,null,null
197209,0.05,-0.04,0.0089,null,null
197210,0.04,0.021,0.0957,null,null
197211,-0.02,0.054,0.0846,null,null
197212,0.18,0.197,0.2659,null,null
197301,0.26,0.175,0.2515,null,null
197302,0.28,0.278,0.3864,null,null
197303,0.26,0.247,0.34,null,null
197304,0.24,0.165,0.2504,null,null
197305,0.22,0.126,0.1979,null,null
197306,0.16,0.109,0.2026,null,null
197307,0.09,0.019,0.1178,null,null
197308,0.01,0.007,0.0739,null,null
197309,0.07,-0.033,0.0526,null,null
197310,0.13,-0.017,0.0493,null,null
197311,0.04,-0.077,0.0084,null,null
197312,-0.08,-0.078,0.0293,null,null
197401,-0.14,-0.39,-0.2204,null,null
197402,-0.27,-0.406,-0.2536,null,null
197403,-0.05,-0.258,-0.0524,null,null
197404,-0.12,-0.186,-0.0482,null,null
197405,-0.05,-0.18,-0.0402,null,null
197406,-0.05,-0.148,-0.061,null,null
197407,-0.02,-0.129,0.0015,null,null
197408,0.1,-0.093,-0.0074,null,null
197409,-0.09,-0.161,-0.0508,null,null
197410,-0.07,-0.197,-0.1032,null,null
197411,-0.1,-0.184,-0.0857,null,null
197412,-0.11,-0.245,-0.0974,null,null
197501,0.01,-0.098,0.1041,null,null
197502,0.01,-0.119,0.0057,null,null
197503,0.11,-0.062,0.093,null,null
197504,-0.03,-0.092,0.053,null,null
197505,0.18,-0.099,0.0388,null,null
197506,-0.03,-0.11,0.0257,null,null
197507,-0.05,-0.139,0.0061,null,null
197508,-0.21,-0.202,-0.076,null,null
197509,-0.06,-0.166,-0.0028,null,null
197510,-0.11,-0.257,-0.1526,null,null
197511,-0.17,-0.344,-0.1696,null,null
197512,-0.22,-0.353,-0.1256,null,null
197601,-0.08,-0.266,-0.0597,null,null
197602,-0.12,-0.333,-0.1558,null,null
197603,-0.28,-0.47,-0.2734,null,null
197604,-0.16,-0.227,-0.0407,null,null
197605,-0.29,-0.329,-0.1258,null,null
197606,-0.15,-0.284,-0.0985,null,null
197607,-0.13,-0.202,-0.0962,null,null
197608,-0.2,-0.202,-0.1033,null,null
197609,-0.12,-0.169,-0.0535,null,null
197610,-0.29,-0.304,-0.2154,null,null
197611,-0.11,-0.177,-0.0882,null,null
197612,0,-0.097,0.0449,null,null
197701,0.1,-0.134,-0.0378,null,null
197702,0.15,0.075,0.1711,null,null
197703,0.15,0.109,0.2641,null,null
197704,0.19,0.06,0.221,null,null
197705,0.29,0.045,0.189,null,null
197706,0.22,0.078,0.2234,null,null
197707,0.19,0.021,0.1336,null,null
197708,0.17,-0.028,0.0775,null,null
197709,-0.05,0.016,0.1205,null,null
197710,-0.05,-0.019,0.0638,null,null
197711,0.12,0.096,0.2111,null,null
197712,0.02,-0.11,0.0887,null,null
197801,0.03,0.014,0.1072,null,null
197802,0.08,-0.001,0.0808,null,null
197803,0.11,0.007,0.1756,null,null
197804,0.09,-0.067,0.0822,null,null
197805,0.01,-0.105,0.008,null,null
197806,-0.08,-0.127,0.0189,null,null
197807,0.04,-0.067,0.0248,null,null
197808,-0.21,-0.189,-0.0344,null,null
197809,0.05,-0.059,0.0261,null,null
197810,-0.04,-0.124,0.0236,null,null
197811,0.06,0.019,0.1638,null,null
197812,0.01,-0.076,0.0776,null,null
197901,0.06,-0.029,0.0763,-0.223,-0.251
197902,-0.18,-0.105,0.0486,-0.122,-0.246
197903,0.08,0.031,0.1809,-0.135,-0.246
197904,0.1,-0.047,0.0407,-0.261,-0.268
197905,-0.06,-0.047,0.089,-0.222,-0.245
197906,0.04,0.028,0.1539,-0.196,-0.203
197907,-0.07,0.038,0.1129,-0.042,-0.122
197908,0.09,0.067,0.144,-0.156,-0.232
197909,0.18,0.083,0.1721,-0.006,-0.1
197910,0.18,0.106,0.2162,0.133,0.013
197911,0.19,0.135,0.212,0.037,-0.108
197912,0.39,0.33,0.4261,0.059,0.025
198001,0.21,0.106,0.2146,0.01,-0.074
198002,0.28,0.172,0.2556,0.087,0.013
198003,0.23,0.055,0.1699,-0.04,-0.096
198004,0.26,0.133,0.2622,0.037,0.043
198005,0.29,0.119,0.2566,0.094,0.081
198006,0.09,0.062,0.1976,0.136,0.045
198007,0.22,0.055,0.1484,-0.01,-0.002
198008,0.17,0.009,0.1392,0.018,0.054
198009,0.12,0.015,0.1407,0.05,0.066
198010,0.08,-0.016,0.1096,0.047,-0.034
198011,0.22,0.157,0.2499,-0.166,0.004
198012,0.08,0.048,0.1978,-0.082,-0.152
198101,0.47,0.26,0.3744,0.198,0.022
198102,0.35,0.164,0.2843,0.202,0.067
198103,0.44,0.2,0.3373,-0.029,0.025
198104,0.23,0.097,0.2929,0.078,-0.102
198105,0.14,0.069,0.202,0.008,-0.035
198106,0.21,0.117,0.2169,-0.061,-0.083
198107,0.29,0.097,0.1577,-0.031,-0.031
198108,0.31,0.111,0.1812,0,-0.02
198109,0.11,0.08,0.1268,-0.088,-0.1
198110,0.06,-0.014,0.1021,-0.102,-0.135
198111,0.18,0.025,0.1344,0.002,-0.126
198112,0.28,0.238,0.3579,0.085,0.042
198201,0,-0.028,0.0636,-0.141,-0.209
198202,0.07,-0.033,0.0801,-0.099,-0.201
198203,-0.12,-0.123,0.0265,-0.166,-0.347
198204,-0.03,0.024,0.1508,-0.115,-0.236
198205,0.1,0.041,0.1268,-0.228,-0.236
198206,0.01,-0.047,0.0763,-0.167,-0.165
198207,0.11,-0.021,0.0968,-0.318,-0.328
198208,-0.03,-0.022,0.0945,-0.226,-0.261
198209,0.01,0.059,0.1525,-0.122,-0.27
198210,0.02,0.024,0.1049,-0.257,-0.349
198211,0.03,0.016,0.086,-0.178,-0.242
198212,0.34,0.23,0.3715,-0.053,-0.094
198301,0.42,0.386,0.4384,0.186,0.022
198302,0.34,0.315,0.4136,0.043,-0.12
198303,0.36,0.18,0.347,0.272,0.146
198304,0.27,0.116,0.2336,0.152,0.065
198305,0.3,0.115,0.2547,0.111,0.106
198306,0.14,0.126,0.2176,-0.094,-0.134
198307,0.11,0.13,0.2382,0.153,0.048
198308,0.27,0.184,0.2605,0.105,-0.011
198309,0.34,0.16,0.2551,0.021,-0.045
198310,0.09,0.09,0.16,-0.025,-0.213
198311,0.23,0.235,0.3787,0.08,-0.15
198312,0.1,0.082,0.21,-0.216,-0.393
198401,0.22,0.088,0.2019,-0.266,-0.421
198402,0.07,0.011,0.0944,-0.139,-0.296
198403,0.22,0.053,0.1971,-0.153,-0.225
198404,0.03,-0.022,0.0931,-0.225,-0.32
198405,0.29,0.072,0.2225,-0.093,-0.122
198406,-0.02,-0.025,0.0858,-0.206,-0.284
198407,0.11,-0.039,0.0832,-0.197,-0.336
198408,0.11,0.041,0.1131,-0.166,-0.276
198409,0.16,0.036,0.0647,-0.457,-0.613
198410,0.04,-0.048,0.0666,-0.146,-0.313
198411,-0.05,-0.122,-0.0155,-0.273,-0.524
198412,-0.15,-0.294,-0.1277,-0.37,-0.475
198501,0.15,0.019,0.105,-0.252,-0.263
198502,-0.14,-0.145,-0.0468,-0.275,-0.317
198503,0.11,-0.027,0.1303,-0.278,-0.228
198504,0.05,-0.053,0.0976,-0.319,-0.302
198505,0.05,-0.008,0.1391,-0.328,-0.327
198506,0.12,-0.057,0.0717,-0.334,-0.299
198507,-0.08,-0.056,0.0174,-0.357,-0.447
198508,0.1,0.015,0.0682,-0.198,-0.269
198509,0.06,-0.042,0.0335,-0.195,-0.323
198510,0.04,-0.01,0.0677,-0.289,-0.411
198511,-0.01,-0.103,0.0576,-0.15,-0.255
198512,0.07,0.007,0.0991,-0.152,-0.219
198601,0.19,0.115,0.2359,-0.032,-0.134
198602,0.37,0.082,0.1843,-0.238,-0.27
198603,0.24,0.048,0.2235,-0.162,-0.252
198604,0.18,0.037,0.1992,-0.054,-0.125
198605,0.16,0.018,0.1959,-0.095,-0.126
198606,0.04,0.044,0.2068,-0.157,-0.204
198607,0.05,-0.007,0.1214,-0.201,-0.259
198608,0.07,-0.007,0.116,-0.18,-0.3
198609,0,0.014,0.1075,-0.184,-0.384
198610,0.05,0.045,0.1373,-0.247,-0.378
198611,0.01,-0.044,0.0886,-0.101,-0.223
198612,0.06,0.01,0.1378,-0.022,-0.215
198701,0.25,0.118,0.2298,0.132,0.041
198702,0.38,0.267,0.4318,0.147,0.091
198703,0.11,0.02,0.1789,-0.136,-0.179
198704,0.17,0.069,0.2477,0.137,0.012
198705,0.17,0.135,0.2834,-0.014,-0.128
198706,0.32,0.122,0.2374,0.121,0.092
198707,0.41,0.255,0.3531,0.063,0.044
198708,0.19,0.22,0.3129,0.031,-0.037
198709,0.3,0.256,0.3599,0.022,-0.075
198710,0.26,0.174,0.244,0.151,0.09
198711,0.21,0.188,0.2628,0.181,-0.013
198712,0.42,0.326,0.4475,0.351,0.279
198801,0.51,0.348,0.4626,0.224,0.169
198802,0.35,0.201,0.2988,-0.035,-0.076
198803,0.45,0.257,0.4051,0.197,0.124
198804,0.35,0.241,0.3693,0.085,-0.04
198805,0.38,0.179,0.3063,0.11,0.011
198806,0.4,0.207,0.3264,0.084,0.037
198807,0.26,0.164,0.286,0.183,0.117
198808,0.31,0.158,0.25,0.037,0.088
198809,0.3,0.158,0.2518,0.228,0.158
198810,0.29,0.124,0.2338,-0.053,0.004
198811,-0.03,0.018,0.1611,-0.103,-0.184
198812,0.19,0.104,0.2824,-0.159,-0.213
198901,0.03,-0.002,0.1326,-0.296,-0.431
198902,0.28,0.094,0.2291,-0.195,-0.284
198903,0.27,0.08,0.2663,-0.266,-0.3
198904,0.17,0.081,0.1999,-0.132,-0.208
198905,0.04,0.051,0.2136,-0.143,-0.302
198906,0.05,0.067,0.2148,-0.152,-0.269
198907,0.28,0.163,0.2422,-0.068,-0.172
198908,0.26,0.174,0.2387,-0.1,-0.132
198909,0.31,0.135,0.2293,0.021,-0.062
198910,0.25,0.145,0.2302,-0.036,-0.074
198911,0.08,0.052,0.1808,-0.064,-0.174
198912,0.26,0.188,0.3127,-0.004,-0.014
199001,0.31,0.198,0.3002,-0.084,-0.108
199002,0.28,0.245,0.3667,-0.127,-0.239
199003,0.64,0.467,0.6651,0.215,0.002
199004,0.47,0.303,0.4423,0.041,-0.091
199005,0.38,0.242,0.3755,0.08,0.016
199006,0.26,0.235,0.3505,0.132,0.038
199007,0.45,0.208,0.2907,-0.007,-0.028
199008,0.25,0.226,0.316,0.014,-0.046
199009,0.16,0.166,0.2851,-0.029,-0.125
199010,0.39,0.284,0.3723,0.123,0.014
199011,0.42,0.285,0.4771,0.334,0.209
199012,0.36,0.196,0.4131,0.196,0.136
199101,0.33,0.229,0.396,0.117,0.027
199102,0.45,0.283,0.4108,0.069,0.063
199103,0.26,0.176,0.2936,0.284,0.185
199104,0.45,0.317,0.4624,0.064,0.032
199105,0.3,0.254,0.3512,0.164,0.086
199106,0.49,0.287,0.4198,0.296,0.279
199107,0.47,0.292,0.3802,0.147,0.118
199108,0.37,0.24,0.3076,0.162,0.146
199109,0.39,0.182,0.2955,0.018,-0.054
199110,0.21,0.135,0.2634,-0.051,-0.162
199111,0.18,0.077,0.2584,-0.111,-0.211
199112,0.24,0.079,0.2169,-0.19,-0.205
199201,0.39,0.282,0.4185,-0.009,-0.13
199202,0.34,0.251,0.4065,-0.121,-0.226
199203,0.37,0.208,0.368,-0.004,-0.111
199204,0.13,0.12,0.2531,-0.162,-0.276
199205,0.23,0.11,0.2869,-0.172,-0.265
199206,0.16,0.108,0.2335,-0.173,-0.249
199207,0.01,-0.021,0.0912,-0.319,-0.405
199208,0.01,-0.017,0.0795,-0.372,-0.461
199209,-0.11,-0.093,0.0294,-0.31,-0.471
199210,-0.04,-0.08,0.0376,-0.156,-0.25
199211,-0.1,-0.119,0.006,-0.147,-0.258
199212,0.12,-0.007,0.2408,-0.206,-0.302
199301,0.27,0.217,0.3417,-0.215,-0.337
199302,0.28,0.166,0.3385,-0.162,-0.288
199303,0.28,0.209,0.372,-0.285,-0.446
199304,0.16,0.104,0.2584,-0.203,-0.319
199305,0.16,0.153,0.2742,-0.097,-0.257
199306,0.11,0.131,0.2439,-0.025,-0.115
199307,0.12,0.08,0.1973,-0.009,-0.115
199308,0.03,0.06,0.1706,-0.14,-0.247
199309,0,0.018,0.1161,-0.272,-0.414
199310,0.14,0.061,0.1957,-0.036,-0.183
199311,0.02,-0.032,0.0726,-0.085,-0.171
199312,0.04,0.103,0.2042,0.115,0.002
199401,0.23,0.157,0.2355,0.008,-0.092
199402,-0.06,-0.09,0.018,-0.067,-0.234
199403,0.18,0.181,0.3243,-0.033,-0.23
199404,0.29,0.173,0.3294,-0.083,-0.151
199405,0.16,0.244,0.3467,-0.001,-0.14
199406,0.34,0.213,0.314,0.069,-0.002
199407,0.23,0.152,0.2729,0.081,-0.032
199408,0.15,0.171,0.2604,0.064,-0.128
199409,0.3,0.158,0.2688,0.114,-0.062
199410,0.38,0.238,0.3943,-0.065,-0.244
199411,0.34,0.247,0.4133,0.128,0.031
199412,0.25,0.217,0.3679,0.122,0.036
199501,0.42,0.359,0.5046,0.178,0.029
199502,0.71,0.468,0.6739,0.133,-0.018
199503,0.41,0.293,0.4319,0.037,-0.117
199504,0.38,0.23,0.3566,0.248,0.109
199505,0.06,0.171,0.2638,0.131,-0.016
199506,0.38,0.288,0.4289,0.164,0.069
199507,0.47,0.299,0.3772,0.044,0.025
199508,0.38,0.317,0.4512,0.285,0.209
199509,0.22,0.206,0.3452,0.324,0.104
199510,0.43,0.244,0.3861,0.204,-0.013
199511,0.36,0.276,0.3948,0.209,0.044
199512,0.23,0.151,0.3028,-0.053,-0.204
199601,0.25,0.065,0.2185,-0.041,-0.187
199602,0.44,0.254,0.3795,0.109,0.002
199603,0.32,0.134,0.2799,0.102,-0.023
199604,0.25,0.095,0.232,-0.082,-0.152
199605,0.18,0.167,0.3515,0.005,-0.193
199606,0.16,0.148,0.3142,-0.024,-0.181
199607,0.36,0.182,0.2868,0.116,-0.086
199608,0.44,0.185,0.2692,0.047,0.046
199609,0.24,0.09,0.2259,0.182,0.026
199610,0.14,0.083,0.2128,0.125,-0.036
199611,0.34,0.072,0.2334,0.054,0.01
199612,0.3,0.17,0.326,-0.034,-0.074
199701,0.26,0.15,0.3261,-0.043,-0.17
199702,0.29,0.251,0.404,0.053,-0.087
199703,0.46,0.265,0.4387,-0.003,-0.131
199704,0.3,0.198,0.4155,-0.063,-0.305
199705,0.3,0.241,0.4003,0.024,-0.135
199706,0.51,0.379,0.5054,0.017,-0.058
199707,0.26,0.372,0.4756,0.165,0.015
199708,0.34,0.411,0.4996,0.202,0.03
199709,0.4,0.459,0.5912,0.19,-0.031
199710,0.51,0.496,0.6045,0.22,0.018
199711,0.55,0.468,0.5005,0.158,0.086
199712,0.53,0.533,0.5971,0.302,0.227
199801,0.52,0.492,0.5684,0.55,0.477
199802,0.81,0.756,0.8323,0.736,0.66
199803,0.55,0.548,0.6076,0.585,0.429
199804,0.54,0.647,0.7117,0.857,0.668
199805,0.65,0.596,0.6316,0.667,0.565
199806,0.71,0.606,0.6414,0.567,0.511
199807,0.65,0.671,0.6986,0.605,0.441
199808,0.63,0.647,0.6713,0.572,0.449
199809,0.41,0.393,0.5021,0.494,0.333
199810,0.4,0.42,0.4405,0.461,0.296
199811,0.42,0.351,0.3598,0.195,0.083
199812,0.48,0.444,0.5154,0.311,0.196
199901,0.39,0.37,0.4798,0.18,0.026
199902,0.58,0.552,0.6656,0.315,0.139
199903,0.25,0.294,0.3224,-0.015,-0.1
199904,0.22,0.315,0.4473,0.181,-0.019
199905,0.21,0.233,0.3788,0.111,-0.064
199906,0.34,0.263,0.4006,-0.084,-0.179
199907,0.31,0.27,0.3979,0.094,-0.075
199908,0.27,0.236,0.363,0.041,-0.123
199909,0.29,0.267,0.3635,0.15,0.008
199910,0.31,0.228,0.3585,0.076,-0.05
199911,0.29,0.21,0.3298,0.058,-0.085
199912,0.33,0.327,0.5449,0.125,-0.081
200001,0.16,0.206,0.2934,-0.057,-0.335
200002,0.51,0.361,0.4899,0.113,-0.089
200003,0.48,0.331,0.4858,0.14,-0.054
200004,0.51,0.45,0.6192,0.257,0.039
200005,0.28,0.241,0.4609,0.182,0.047
200006,0.36,0.234,0.3929,0.124,-0.004
200007,0.35,0.255,0.3764,0.057,-0.087
200008,0.38,0.339,0.4368,0.008,-0.116
200009,0.32,0.32,0.4011,0.12,-0.001
200010,0.17,0.194,0.2717,0.108,-0.024
200011,0.25,0.15,0.1885,0.025,-0.006
200012,0.21,0.164,0.2619,0.011,-0.043
200101,0.38,0.324,0.4284,0.101,-0.048
200102,0.39,0.286,0.3837,0.124,0.05
200103,0.53,0.487,0.6064,0.178,0.039
200104,0.4,0.43,0.5321,0.357,0.185
200105,0.49,0.39,0.5586,0.303,0.189
200106,0.45,0.413,0.5405,0.119,-0.01
200107,0.51,0.453,0.5398,0.179,0.061
200108,0.45,0.506,0.5843,0.433,0.253
200109,0.47,0.404,0.4715,0.206,0.089
200110,0.43,0.378,0.4735,0.327,0.185
200111,0.65,0.506,0.6462,0.326,0.172
200112,0.51,0.321,0.4606,0.285,0.173
200201,0.72,0.598,0.6648,0.358,0.201
200202,0.7,0.611,0.768,0.45,0.188
200203,0.87,0.609,0.7398,0.338,0.245
200204,0.55,0.445,0.5384,0.37,0.243
200205,0.56,0.443,0.539,0.324,0.308
200206,0.46,0.474,0.5833,0.398,0.312
200207,0.56,0.479,0.5951,0.37,0.219
200208,0.45,0.427,0.5167,0.301,0.176
200209,0.51,0.412,0.5321,0.292,0.24
200210,0.5,0.358,0.4565,0.121,0.122
200211,0.5,0.393,0.5695,0.27,0.246
200212,0.37,0.328,0.4131,0.209,0.144
200301,0.66,0.525,0.6443,0.445,0.286
200302,0.5,0.441,0.5498,0.322,0.168
200303,0.52,0.425,0.5255,0.235,0.086
200304,0.49,0.417,0.4979,0.297,0.149
200305,0.52,0.437,0.5668,0.348,0.22
200306,0.4,0.442,0.5249,0.144,0.025
200307,0.49,0.455,0.5442,0.282,0.109
200308,0.62,0.525,0.5931,0.277,0.111
200309,0.6,0.52,0.6071,0.325,0.187
200310,0.67,0.566,0.7068,0.437,0.292
200311,0.48,0.428,0.5365,0.351,0.215
200312,0.68,0.523,0.7013,0.448,0.364
200401,0.52,0.504,0.5536,0.318,0.184
200402,0.65,0.571,0.6757,0.328,0.204
200403,0.58,0.51,0.6476,0.444,0.317
200404,0.51,0.494,0.5627,0.274,0.151
200405,0.34,0.323,0.4333,0.156,0.048
200406,0.33,0.347,0.4716,0.1,0.017
200407,0.19,0.369,0.4565,0.001,-0.189
200408,0.41,0.416,0.4596,0.084,-0.058
200409,0.45,0.446,0.494,0.209,0.114
200410,0.57,0.478,0.5659,0.283,0.239
200411,0.65,0.526,0.7264,0.217,0.153
200412,0.5,0.376,0.4827,0.125,0.086
200501,0.71,0.461,0.5688,0.437,0.294
200502,0.56,0.38,0.4513,0.348,0.174
200503,0.69,0.499,0.6552,0.324,0.216
200504,0.61,0.534,0.6737,0.484,0.361
200505,0.56,0.481,0.6246,0.289,0.203
200506,0.59,0.512,0.6615,0.261,0.214
200507,0.56,0.536,0.6448,0.36,0.272
200508,0.56,0.509,0.5861,0.262,0.132
200509,0.68,0.513,0.6607,0.404,0.318
200510,0.72,0.508,0.6503,0.388,0.347
200511,0.64,0.483,0.6829,0.331,0.308
200512,0.61,0.37,0.5594,0.159,0.176
200601,0.46,0.319,0.4054,0.234,0.185
200602,0.61,0.448,0.5436,0.25,0.219
200603,0.58,0.38,0.5222,0.259,0.188
200604,0.42,0.37,0.46,0.238,0.137
200605,0.38,0.338,0.4817,0.073,-0.031
200606,0.55,0.438,0.6136,0.168,0.121
200607,0.42,0.444,0.5859,0.231,0.147
200608,0.65,0.493,0.5731,0.233,0.194
200609,0.57,0.422,0.6026,0.32,0.239
200610,0.59,0.48,0.6407,0.32,0.303
200611,0.64,0.445,0.5953,0.198,0.19
200612,0.71,0.523,0.7241,0.289,0.21
200701,0.89,0.61,0.819,0.546,0.408
200702,0.63,0.509,0.5928,0.335,0.215
200703,0.64,0.438,0.602,0.35,0.243
200704,0.68,0.472,0.6766,0.299,0.18
200705,0.6,0.373,0.5132,0.185,0.181
200706,0.52,0.384,0.4785,0.196,0.153
200707,0.55,0.407,0.4765,0.261,0.181
200708,0.54,0.364,0.4847,0.318,0.172
200709,0.5,0.412,0.5475,0.255,0.137
200710,0.54,0.367,0.5157,0.219,0.144
200711,0.47,0.269,0.4725,0.129,0.058
200712,0.4,0.215,0.4328,0.064,-0.058
200801,0.17,0.053,0.2227,-0.104,-0.302
200802,0.26,0.192,0.3527,-0.055,-0.258
200803,0.66,0.449,0.7113,0.049,-0.071
200804,0.43,0.271,0.4354,0.028,-0.022
200805,0.41,0.278,0.4369,-0.129,-0.191
200806,0.34,0.308,0.488,-0.03,-0.121
200807,0.52,0.417,0.5124,0.079,-0.009
200808,0.34,0.395,0.4901,0.066,-0.055
200809,0.53,0.376,0.4623,0.184,0.137
200810,0.55,0.443,0.6113,0.182,0.128
200811,0.58,0.393,0.6031,0.218,0.17
200812,0.47,0.327,0.4852,0.15,0.095
200901,0.55,0.387,0.501,0.252,0.145
200902,0.46,0.374,0.4891,0.194,0.154
200903,0.47,0.374,0.5106,0.155,0.092
200904,0.5,0.417,0.6011,0.172,0.06
200905,0.54,0.407,0.5299,0.055,0.06
200906,0.61,0.508,0.605,0.018,-0.011
200907,0.66,0.515,0.5675,0.329,0.359
200908,0.57,0.544,0.6271,0.243,0.173
200909,0.65,0.473,0.625,0.472,0.38
200910,0.61,0.442,0.5654,0.301,0.243
200911,0.68,0.448,0.5859,0.329,0.389
200912,0.6,0.427,0.5014,0.204,0.204
201001,0.7,0.489,0.6099,0.596,0.542
201002,0.75,0.481,0.6333,0.524,0.51
201003,0.85,0.582,0.7755,0.599,0.554
201004,0.75,0.572,0.729,0.506,0.4
201005,0.64,0.516,0.69,0.531,0.454
201006,0.55,0.541,0.657,0.494,0.385
201007,0.5,0.544,0.6413,0.564,0.419
201008,0.54,0.485,0.5642,0.554,0.441
201009,0.54,0.391,0.4851,0.511,0.477
201010,0.62,0.4,0.5429,0.303,0.306
201011,0.73,0.456,0.6998,0.316,0.273
201012,0.4,0.253,0.3786,0.22,0.181
201101,0.46,0.194,0.3768,0.084,-0.01
201102,NA,NA,NA,0.051,-0.018